Trek Name,Duration Range,Duration Avg (Days),Distance Range,Distance Avg (km),Standardized Difficulty,Max Altitude (ft),All Mentioned Seasons,Overlapping Season,Basecamps,Live Overall Cost Range (INR),Provider 1 Name,Provider 1 Price,Provider 1 Link,Provider 2 Name,Provider 2 Price,Provider 2 Link,Provider 3 Name,Provider 3 Price,Provider 3 Link,Provider 4 Name,Provider 4 Price,Provider 4 Link,Provider 5 Name,Provider 5 Price,Provider 5 Link,Provider 6 Name,Provider 6 Price,Provider 6 Link,Discrepancies & Flags
"Ali Bedni Bugyal","6 Days","6","31 km","31","Moderate","12,550","May, Jun, Sep, Oct","May-Jun, Sep-Oct","Lohajung","8,950 - 11,950","Indiahikes","11,950","https://indiahikes.com/ali-bedni-bugyal-trek","Trek The Himalayas","9,800","https://trekthehimalayas.com/ali-bedni-bugyal-trek","Trekup India","8,950","https://www.trekupindia.com/ali-bedni-bugyal-trek","","","","","","","","","","FLAG: Providers align heavily on stats. Live prices pulled to represent starting base rates. Max altitude retrieved live as 12,550 ft."
"Annapurna Base Camp","9-11 Days","10","70 km","70","Difficult","13,550","Mar, Apr, May, Sep, Oct, Nov","Mar-May, Sep-Nov","Nayapul / Pokhara","35,000 - 37,500","Bikat Adventures","35,000","https://www.bikatadventures.com/Home/Itinerary/Annapurna-Base-Camp-Trek","Trek The Himalayas","37,500","https://trekthehimalayas.com/annapurna-base-camp-trek","Trekup India","35,000","https://www.trekupindia.com/annapurna-base-camp-trek","","","","","","","","","","FLAG: Duration varies (9 vs 11 days across agencies); fixed by providing 9-11 range and a 10-day average. TTH lists as Moderate while others say Mod-Diff; adjusted to Difficult given the 13,550 ft alpine rating."
"Annapurna Circuit","15 Days","15","158 km","158","Difficult","17,769","Mar, Apr, May, Oct","Mar-May, Oct","Kathmandu","75,000","Trek The Himalayas","75,000","https://trekthehimalayas.com/annapurna-circuit-trek","","","","","","","","","","","","","","","","FLAG: Single provider data available. Missing altitude retrieved from live data (Thorong La Pass at 17,769 ft)."
"Bagini Glacier","9 Days","9","43 km","43","Difficult","14,816","May, Jun, Sep","May-Jun, Sep","Pipalkoti","14,800","Trek The Himalayas","14,800","https://trekthehimalayas.com/bagini-glacier-and-changbang-base-camp","","","","","","","","","","","","","","","","FLAG: Single provider data available. Difficulty bumped to Difficult. Added precise live altitude of 14,816 ft."
"Bajre Dara","5 Days","5","22 km","22","Moderate","11,000","Nov, Dec, Jan, Feb, Mar","Nov-Mar","Yuksom","12,600","Trek The Himalayas","12,600","https://trekthehimalayas.com/bajre-dara-trek","","","","","","","","","","","","","","","","FLAG: Single provider data available. Verified max altitude specifically at 11,000 ft."
"Bali Pass","8-9 Days","8","56 km","56","Difficult","16,207","May, Jun, Sep, Oct","May-Jun, Sep-Oct","Sankri / Janki Chatti","18,950 - 22,000","Bikat Adventures","21,500","https://www.bikatadventures.com/Home/Itinerary/bali-pass-trek","Indiahikes","22,000","https://indiahikes.com/bali-pass-trek","Trek The Himalayas","22,000","https://trekthehimalayas.com/bali-pass-trek","Trekmunk","18,950","https://www.trekmunk.com/treks/bali-pass-trek","Trekup India","20,000","https://www.trekupindia.com/bali-pass-trek","","","","FLAG: Difficulty standardized—Trekmunk rated Mod-Diff and Bikat rated BRS 5, while all others rated Difficult; normalized to Difficult. Max altitude updated to 16,207 ft via web."
"Beas Kund","4 Days","4","18 km","18","Moderate","12,772","May, Jun, Jul, Aug, Sep","Jul-Sep","Solang / Dhundi","7,950 - 8,000","Bikat Adventures","8,000","https://www.bikatadventures.com/Home/Itinerary/beas-kund-trek","Indiahikes","8,000","https://indiahikes.com/beas-kund-trek","Trek The Himalayas","7,950","https://trekthehimalayas.com/beas-kund-trek","Trekmunk","8,000","https://www.trekmunk.com/treks/beas-kund","","","","","","","FLAG: Agencies divided between Easy-Moderate and Easy to Moderate. Standardized safely to the Moderate tier. Altitude verified at 12,772 ft."
"Bhrigu Lake","4 Days","4","24 km","24","Moderate","14,000","May, Jun, Jul, Aug, Sep","Jul-Sep","Gulaba / Manali","6,750 - 7,500","Indiahikes","7,000","https://indiahikes.com/bhrigu-lake-trek","Trek The Himalayas","7,500","https://trekthehimalayas.com/bhrigu-lake-trek","Trekmunk","6,750","https://www.trekmunk.com/treks/bhrigu-lake-trek","Trekup India","7,000","https://www.trekupindia.com/bhrigu-lake-trek","","","","","","","FLAG: Difficulty standardized from Easy-Moderate up to Moderate. Altitude fixed to 14,000 ft via live validation."
"Brahmatal","6 Days","6","26 km","26","Moderate","12,250","Dec, Jan, Feb, Mar","Dec-Mar","Lohajung","9,600 - 10,900","Indiahikes","10,000","https://indiahikes.com/brahmatal-trek","Trek The Himalayas","10,900","https://trekthehimalayas.com/brahmatal-trek","Trekmunk","9,600","https://www.trekmunk.com/treks/brahmatal-trek","Trekup India","10,000","https://www.trekupindia.com/brahmatal-trek","","","","","","","FLAG: Mod-Easy ratings bumped up to Moderate to align with Trekmunk. Max altitude fetched accurately at 12,250 ft."
"Buran Ghati","7-8 Days","7","37-40 km","38","Difficult","15,000","May, Jun, Sep, Oct","May-Jun, Sep-Oct","Janglik / Shimla / Barua","14,950 - 16,500","Bikat Adventures","16,000","https://www.bikatadventures.com/Home/Itinerary/buran-ghati-trek","Indiahikes","16,000","https://indiahikes.com/buran-ghati-trek","Trek The Himalayas","16,500","https://trekthehimalayas.com/buran-ghati-pass-trek","Trekmunk","14,950","https://www.trekmunk.com/treks/buran-ghati-trek","Trekup India","15,000","https://www.trekupindia.com/buran-ghati-trek","","","","FLAG: Distance differs between 37km and 40km across providers; calculated average to 38km. Bikat listed as BRS 4 (Moderate) while others are Mod-Diff; Standardized all upwards to Difficult based on the 15,000 ft altitude."
"Chadar Trek","8-9 Days","8","28 km","28","Difficult","11,120","Jan, Feb","Jan-Feb","Leh / Shingra Koma","25,000 - 26,500","Bikat Adventures","25,000","https://www.bikatadventures.com/Home/Itinerary/chadar-trek","Indiahikes","25,000","https://indiahikes.com/chadar-trek","Trek The Himalayas","26,500","https://trekthehimalayas.com/chadar-trek","","","","","","","","","","FLAG: Minor 8 vs 9 day differences based on basecamp staging; set as 8-9 Day Range. Verified max altitude at 11,120 ft."
"Chandrakhani Pass","5 Days","5","20 km","20","Moderate","11,970","May, Jun, Jul, Aug, Sep","May-Sep","Manali","11,200","Trek The Himalayas","11,200","https://trekthehimalayas.com/chandrakhani-pass-trek","","","","","","","","","","","","","","","","FLAG: Single provider available. Altitude of 11,970 ft successfully validated from the live site. Standardized from Easy-Mod to Moderate."
"Dayara Bugyal","4-6 Days","5","22-24 km","23","Moderate","12,000","May, Jun, Sep, Oct, Nov, Dec","May-Jun, Sep-Nov","Raithal","7,000 - 10,500","Indiahikes","7,000","https://indiahikes.com/dayara-bugyal-trek","Trek The Himalayas","10,500","https://trekthehimalayas.com/dayara-bugyal-trek","Trekmunk","7,000","https://www.trekmunk.com/treks/dayara-bugyal-trek","Trekup India","7,000","https://www.trekupindia.com/dayara-bugyal-trek","","","","","","","FLAG: Providers varied heavily on duration (4 to 6 days); standardized to a 5-day average. Live search revealed TTH's live price is 10,500 INR vs older CSV estimates. Difficulty safely standardized to Moderate. Altitude of Dayara Top confirmed at 12,000 ft."
"Deoriatal - Chandrashila","5-6 Days","5","30 km","30","Moderate","13,000","Mar, Apr, May, Sep, Oct, Nov, Dec","Mar-May, Sep-Nov","Sari","9,000 - 10,000","Indiahikes","10,000","https://indiahikes.com/deoriatal-chandrashila-trek","Trek The Himalayas","9,500","https://trekthehimalayas.com/deoriatal-chandrashila-trek","Trekmunk","9,000","https://www.trekmunk.com/treks/deoriatal-chandrashila-trek","Trekup India","9,000","https://www.trekupindia.com/deoriatal-chandrashila-trek","","","","","","","FLAG: Consistent distance reporting across agencies. Difficulty varied slightly between Easy-Moderate and Moderate; standardized to the Moderate tier. Maximum altitude of Chandrashila summit verified at 13,000 ft."
"Dodital - Darwa Pass","6 Days","6","54 km","54","Moderate","13,615","May, Jun, Sep, Oct, Nov","May-Jun, Sep-Nov","Sangam Chatti","11,500","Trek The Himalayas","11,500","https://trekthehimalayas.com/dodital-darwa-pass-trek","","","","","","","","","","","","","","","","FLAG: Single provider data available. Live altitude verified specifically for Darwa Pass at 13,615 ft."
"Doodhpathri","7 Days","7","49 km","49","Difficult","8,956","Jul, Aug","Jul-Aug","Doodhpathri / Srinagar","16,800","Trek The Himalayas","16,800","https://trekthehimalayas.com/doodhpathri-trek","","","","","","","","","","","","","","","","FLAG: Single provider data available. Difficulty standardized from Mod-Diff to Difficult. Live altitude fetched and mapped to the core Doodhpathri region (~8,956 ft)."
"Everest Base Camp (EBC)","13-14 Days","14","112-130 km","121","Difficult","17,598","Mar, Apr, May, Sep, Oct, Nov","Mar-May, Oct-Nov","Lukla / Kathmandu","75,500 - 85,000","Bikat Adventures","85,000","https://www.bikatadventures.com/Home/Itinerary/Everest-Base-Camp-Trek","Trek The Himalayas","75,500","https://trekthehimalayas.com/everest-base-camp-trek","Trekup India","80,000","https://www.trekupindia.com/everest-base-camp-trek","","","","","","","","","","FLAG: Distance discrepancy noted (112km vs 130km) across providers depending on exact acclimatization hike routes used in Nepal; range applied. Max altitude fetched accurately at 17,598 ft for the base camp itself."
"Gaumukh Tapovan","7-8 Days","8","40-46 km","42","Difficult","14,640","May, Jun, Sep, Oct","May-Jun, Sep-Oct","Gangotri","15,000 - 17,000","Indiahikes","17,000","https://indiahikes.com/gaumukh-tapovan-trek","Trek The Himalayas","17,000","https://trekthehimalayas.com/gaumukh-tapovan-trek","Trekmunk","15,000","https://www.trekmunk.com/treks/gaumukh-tapovan-trek","Trekup India","17,000","https://www.trekupindia.com/gaumukh-tapovan-trek","","","","","","","FLAG: Rated Moderate-Difficult by most providers; standardized upward to Difficult due to live verification of glacier crossings and the 14,640 ft altitude at Tapovan. Distance varies slightly based on different basecamp staging."
"Goechala Trek","11 Days","11","75-76 km","75","Difficult","16,200","Mar, Apr, May, Sep, Oct, Nov","Mar-May, Sep-Nov","Yuksom","18,000 - 21,000","Bikat Adventures","20,000","https://www.bikatadventures.com/Home/Itinerary/goechala-trek","Indiahikes","20,000","https://indiahikes.com/goechala-trek","Trek The Himalayas","21,000","https://trekthehimalayas.com/goechala-trek","Trekmunk","18,000","https://www.trekmunk.com/treks/goechala-trek","Trekup India","20,000","https://www.trekupindia.com/goechala-trek","","","","FLAG: Distance and duration are highly consistent across all providers. Verified max altitude specifically at 16,200 ft (corresponding to Viewpoint 3)."
"Gokyo Lakes Trek","17 Days","17","138 km","138","Difficult","17,575","Mar, Apr, May, Oct","Mar-May, Oct","Kathmandu / Lukla","97,000","Trek The Himalayas","97,000","https://trekthehimalayas.com/everest-base-camp-via-gokyo-ri","","","","","","","","","","","","","","","","FLAG: Single provider available. Max altitude verified at 17,575 ft (specifically the Gokyo Ri summit)."
"Gulabi Kantha","5 Days","5","24 km","24","Moderate","13,200","Mar, Apr, May, Jun, Sep, Oct, Nov","Mar-Jun, Sep-Nov","Hanuman Chatti","10,900","Trek The Himalayas","10,900","https://trekthehimalayas.com/gulabi-kantha-trek","","","","","","","","","","","","","","","","FLAG: Single provider data available. Altitude verified accurately at 13,200 ft."
"Hampta Pass","5-6 Days","5","24-26 km","25","Moderate","14,100","Jun, Jul, Aug, Sep, Oct","Jun-Sep","Manali / Jobra","12,000 - 14,000","Indiahikes","14,000","https://indiahikes.com/hampta-pass-trek","Trek The Himalayas","12,500","https://trekthehimalayas.com/hampta-pass-trek","Trekmunk","12,000","https://www.trekmunk.com/treks/hampta-pass-and-chandra-tal-trek","Trekup India","12,000","https://www.trekupindia.com/hampta-pass-trek","","","","","","","FLAG: Difficulty rated Mod-Diff by Trekmunk but Moderate by others; standardized safely to Moderate. Max altitude fetched and confirmed at 14,100 ft."
"Har Ki Dun","7 Days","7","47 km","47","Moderate","11,700","Mar, Apr, May, Jun, Sep, Oct, Nov, Dec","Mar-Jun, Sep-Dec","Sankri / Kotgaon","12,500 - 15,000","Bikat Adventures","14,000","https://www.bikatadventures.com/Home/Itinerary/har-ki-dun-trek","Indiahikes","15,000","https://indiahikes.com/har-ki-dun-trek","Trek The Himalayas","13,500","https://trekthehimalayas.com/har-ki-dun-trek","Trekmunk","12,500","https://www.trekmunk.com/treks/har-ki-dun-trek","Trekup India","13,000","https://www.trekupindia.com/har-ki-dun-trek","","","","FLAG: Providers heavily aligned on duration and distance. Difficulty standardized up from Easy-Moderate/Moderate variants to a flat Moderate. Max altitude retrieved at 11,700 ft."
"Kareri Lake","3-4 Days","4","26 km","26","Moderate","9,626","Apr-Nov","May-Jun, Sep-Nov","Kareri Village / Kareri","5,500 - 8,000","Bikat Adventures","8,000","https://www.bikatadventures.com/Home/Itinerary/kareri-lake-trek","Indiahikes","8,000","https://indiahikes.com/kareri-lake-trek","Trek The Himalayas","5,500","https://trekthehimalayas.com/kareri-lake-trek","Trekup India","8,000","https://www.trekupindia.com/kareri-lake-trek","","","","","","","FLAG: Duration varies from 3 to 4 days across providers; standardized to a 4-day average. Difficulty normalized from Easy/Easy-Moderate up to Moderate. Live altitude confirmed at 9,626 ft."
"Kashmir Great Lakes","7-9 Days","8","72 km","72","Difficult","13,750","Jul-Oct","Jul-Aug","Sonamarg / Shitkadi","18,000 - 21,000","Indiahikes","20,000","https://indiahikes.com/kashmir-great-lakes-trek","Trek The Himalayas","21,000","https://trekthehimalayas.com/kashmir-great-lakes-trek","Trekmunk","18,000","https://www.trekmunk.com/treks/kashmir-great-lakes-trek","","","","","","","","","","FLAG: Duration spans 7 to 9 days based on acclimatization staging. Difficulty unified to Difficult due to high alpine passes. Max altitude fetched and verified as 13,750 ft at Gadsar Pass."
"Kedarkantha","6 Days","6","20-23 km","22","Moderate","12,500","Dec-Apr","Dec-Apr","Sankri / Kotgaon","9,500 - 11,000","Bikat Adventures","10,800","https://www.bikatadventures.com/Home/Itinerary/kedarkantha-trek","Indiahikes","11,000","https://indiahikes.com/kedarkantha-trek","Trek The Himalayas","10,900","https://trekthehimalayas.com/kedarkantha-trek","Trekmunk","9,500","https://www.trekmunk.com/treks/kedarkantha","Trekup India","10,000","https://www.trekupindia.com/kedarkantha-trek","","","","FLAG: Distance ranges slightly between 20-23km due to different forest trail starts. Difficulty mapped cleanly to Moderate for winter snow conditions. Altitude perfectly aligned and verified at 12,500 ft."
"Kedartal","7 Days","7","32 km","32","Difficult","15,485","May-Jun, Sep-Oct","May-Jun, Sep-Oct","Gangotri","15,000 - 16,000","Indiahikes","15,000","https://indiahikes.com/kedar-tal-trek","Trek The Himalayas","16,000","https://trekthehimalayas.com/kedar-tal-trek","Trekmunk","15,000","https://www.trekmunk.com/treks/kedartal-trek","Trekup India","15,000","https://www.trekupindia.com/kedartal-trek","","","","","","","FLAG: Data highly consistent across all 4 providers. Verified live altitude at 15,485 ft."
"Khopra Danda (Ridge)","9 Days","9","30 km","30","Moderate","11,942","Mar-May, Sep-Nov","Mar-May, Sep-Nov","Pokhara","40,000","Trek The Himalayas","40,000","https://trekthehimalayas.com/khopra-ridge","","","","","","","","","","","","","","","","FLAG: CSV data was heavily missing for this trek (listed as dashes). Successfully performed live web retrieval to populate duration, distance, difficulty, seasons, basecamp, estimated starting price, and precise max altitude (11,942 ft)."
"Kuari Pass","5-6 Days","6","22-30 km","27","Moderate","12,516","All year","Dec-Mar","Joshimath / Pipalkoti / Karchi","10,000 - 12,000","Bikat Adventures","10,500","https://www.bikatadventures.com/Home/Itinerary/Kuari-pass-trek","Indiahikes","12,000","https://indiahikes.com/kuari-pass-trek","Trek The Himalayas","11,900","https://trekthehimalayas.com/winter-kuari-pass-trek","Trekmunk","10,000","https://www.trekmunk.com/treks/kuari-pass","Trekup India","10,000","https://www.trekupindia.com/kuari-pass-trek","","","","FLAG: Noticeable distance discrepancy among providers (22km to 30km) driven by different start points (Tapovan vs Karchi). Averaged out. Altitude validated accurately at 12,516 ft."
"Lobuche Peak","18 Days","18","124 km","124","Challenging","20,075","Apr, May, Oct","Apr-May, Oct","Kathmandu","201,000","Trek The Himalayas","201,000","https://trekthehimalayas.com/lobuche-peak-trek","","","","","","","","","","","","","","","","FLAG: Original CSV cost contained a likely typo missing a zero for an 18-day Nepal peak climb; corrected to a live estimated base price of 201,000 INR. Altitude confirmed at 20,075 ft."
"Manaslu Circuit","14 Days","14","140 km","140","Difficult","16,752","Apr, May, Oct","Apr-May, Oct","Kathmandu","88,000","Trek The Himalayas","88,000","https://trekthehimalayas.com/manaslu-circuit-trek","","","","","","","","","","","","","","","","FLAG: Single provider data. Missing altitude was successfully sourced live via web for the Larke Pass crossing at 16,752 ft."
"Markha Valley","7-8 Days","7","53 km","53","Difficult","17,060","May-Sep","May-Sep","Leh / Chilling / Skiu","20,000 - 22,500","Trek The Himalayas","22,500","https://trekthehimalayas.com/markha-valley-trek","Trekmunk","20,000","https://www.trekmunk.com/treks/markha-valley-trek","","","","","","","","","","","","","FLAG: Standardized Mod-Diff upward to Difficult due to river crossings and altitude. Exact altitude retrieved specifically for Kongmaru La pass at 17,060 ft."
"Mera Peak","15 Days","15","100 km","100","Challenging","21,247","Apr, May, Oct","Apr-May, Oct","Kathmandu","185,000","Trek The Himalayas","185,000","https://trekthehimalayas.com/mera-peak-expedition","","","","","","","","","","","","","","","","FLAG: Single provider data. Altitude successfully verified and accurately set to 21,247 ft."
"Panch Kedar Trek","12 Days","12","107 km","107","Difficult","12,073","May, Jun, Sep, Oct","May-Jun, Sep-Oct","Rishikesh / Guptkashi","60,000 - 64,500","Indiahikes","60,000","https://indiahikes.com/panch-kedar-trek","Trek The Himalayas","64,500","https://trekthehimalayas.com/panchkedar-trek","","","","","","","","","","","","","FLAG: Moderate-Difficult scaled safely to Difficult due to the extensive 12-day multiday nature. Altitude set specifically to Tungnath's elevation (12,073 ft)."
"Pangarchulla Peak","7 Days","7","39 km","39","Difficult","15,069","Mar, Apr","Mar-Apr","Pipalkoti","13,250","Trek The Himalayas","13,250","https://trekthehimalayas.com/pangarchulla-peak-trek","","","","","","","","","","","","","","","","FLAG: Single provider data available. Difficulty standardized from Mod-Diff to Difficult. Live altitude verified specifically at 15,069 ft."
"Panwali Kantha","5-6 Days","6","40 km","40","Moderate","11,500","May, Jun, Sep, Oct","May-Jun, Sep-Oct","Ghuttu","14,000 - 14,500","Bikat Adventures","14,000","https://www.bikatadventures.com/Home/Itinerary/panwali-kantha-trek","Trek The Himalayas","14,500","https://trekthehimalayas.com/panwali-kantha","","","","","","","","","","","","","FLAG: Minor 5 vs 6 day differences; standardized to 6-day average. Verified max altitude at 11,500 ft."
"Phulara Ridge","6 Days","6","29 km","29","Moderate","12,127","May, Jun, Oct, Nov","May-Jun, Oct-Nov","Sankri","9,000 - 9,500","Indiahikes","9,000","https://indiahikes.com/phulara-ridge-trek","Trek The Himalayas","9,500","https://trekthehimalayas.com/phulara-ridge-trek","Trekup India","9,000","https://www.trekupindia.com/phulara-ridge-trek","","","","","","","","","","FLAG: Difficulty standardized strictly from Easy-Moderate to Moderate based on high ridgeline exposure. Altitude verified at 12,127 ft."
"Pin Bhaba Pass","8 Days","8","51 km","51","Difficult","16,105","Jul, Aug, Sep","Jul-Sep","Kafnu","15,000 - 18,000","Indiahikes","18,000","https://indiahikes.com/pin-bhaba-pass-trek","Trek The Himalayas","17,900","https://trekthehimalayas.com/pin-bhaba-pass-trek","Trekmunk","15,000","https://www.trekmunk.com/treks/pin-bhaba-pass-trek","","","","","","","","","","FLAG: Providers rated this Mod-Diff; safely standardized to Difficult due to the intense 16,105 ft pass altitude crossing."
"Pin Parvati Pass","11 Days","11","110 km","110","Challenging","17,457","Jul, Aug, Sep","Jul-Aug","Barshaini / Manali","35,000 - 45,000","Bikat Adventures","40,000","","Indiahikes","40,000","https://indiahikes.com/pin-parvati-pass-trek","Trek The Himalayas","45,000","https://trekthehimalayas.com/pin-parvati-pass-trek","Trekup India","35,000","https://www.trekupindia.com/pin-parvati-pass-trek","","","","","","","FLAG: Bikat link is missing from direct site index so left cleanly blank. Standardized difficulty explicitly to Challenging due to glacier traverse. Altitude confirmed at 17,457 ft."
"Pindari Glacier","6-7 Days","6","50 km","50","Moderate","11,975","May, Jun, Sep, Oct","May-Jun, Sep-Oct","Loharkhet / Khati","14,000 - 14,500","Indiahikes","14,000","https://indiahikes.com/pindari-glacier-trek","Trek The Himalayas","14,500","https://trekthehimalayas.com/pindari-glacier-trek","Trekup India","14,000","https://www.trekupindia.com/pindari-glacier-trek","","","","","","","","","","FLAG: Minor duration differences (6 vs 7 days) resolved to a range. Altitude verified specifically at Zero Point (11,975 ft)."
"Ranthan Kharak","7 Days","7","37 km","37","Moderate","13,500","May, Jun, Sep, Oct","May-Jun, Sep-Oct","Kathgodam","9,500","Trek The Himalayas","9,500","https://trekthehimalayas.com/ranthan-kharak-trek","","","","","","","","","","","","","","","","FLAG: Single provider data. Altitude successfully sourced live via web as ~13,500 ft."
"Roopkund","8 Days","8","53 km","53","Difficult","15,750","May, Jun, Sep, Oct","May-Jun, Sep-Oct","Lohajung","18,000","Indiahikes","18,000","https://indiahikes.com/roopkund-trek","Trek The Himalayas","","https://trekthehimalayas.com/roopkund-trek","","","","","","","","","","","","","FLAG: TTH has disabled active pricing due to the trekking ban on Roopkund; used Indiahikes' historic base rate. Standardized Mod-Diff to Difficult. Altitude set at 15,750 ft."
"Rupin Pass","7-8 Days","8","37-52 km","44","Difficult","15,250","May, Jun, Sep, Oct","May-Jun, Sep-Oct","Dhaula / Jiskun / Jakha / Bawta","16,000 - 18,550","Bikat Adventures","16,650","https://www.bikatadventures.com/Home/Itinerary/rupin-pass-trek","Indiahikes","16,000","https://indiahikes.com/rupin-pass-trek","Trek The Himalayas","16,500","https://trekthehimalayas.com/rupin-pass-trek","Trekmunk","18,550","https://www.trekmunk.com/treks/rupin-pass","Trekup India","16,000","https://www.trekupindia.com/rupin-pass-trek","","","","FLAG: High distance variance (37km to 52km) among agencies depending on exact basecamp starting location; averaged out to 44km. Difficulty uniformly raised to Difficult based on the steep gully climb. Alt verified at 15,250 ft."
"Sandakphu Phalut Trek","6-7 Days","7","68 km","68","Moderate","11,930","Mar, Apr, May, Oct, Nov, Dec","Mar-May, Oct-Dec","Manebhanjan / Sepi","13,000 - 13,900","Indiahikes","13,000","https://indiahikes.com/sandakphu-phalut-trek","Trek The Himalayas","13,900","https://trekthehimalayas.com/sandakphu-trek","Trekup India","13,000","https://www.trekupindia.com/sandakphu-phalut-trek","","","","","","","","","","FLAG: Seasonally available most of the year except monsoon; merged months specifically. Altitude of Sandakphu set to 11,930 ft."
"Sar Pass","5 Days","5","30-35 km","33","Moderate","13,800","May, Jun","May-Jun","Kasol","11,300 - 12,000","Bikat Adventures","12,000","https://www.bikatadventures.com/Home/Itinerary/Sar-Pass-Trek","Trek The Himalayas","11,300","https://trekthehimalayas.com/sar-pass-trek","","","","","","","","","","","","","FLAG: Standardized Easy-Moderate up to Moderate. Altitude fixed to 13,800 ft via live validation."
"Satopanth Lake","6 Days","6","40 km","40","Difficult","15,100","May, Jun, Oct","May-Jun, Oct","Pipalkoti","22,500","Trek The Himalayas","22,500","https://trekthehimalayas.com/satopanth-lake-trek","","","","","","","","","","","","","","","","FLAG: Single provider data. Mod-Diff bumped up to Difficult. Altitude verified successfully at 15,100 ft."
"Surya Top","7 Days","7","32 km","32","Moderate","12,800","May, Jun, Oct, Nov","May-Jun, Oct-Nov","Natin Village","11,500","Trek The Himalayas","11,500","https://trekthehimalayas.com/surya-top-trek","","","","","","","","","","","","","","","","FLAG: Single provider data. Max altitude verified accurately at 12,800 ft."
"Tarsar Marsar","7-9 Days","8","48 km","48","Moderate","13,201","Jul, Aug, Sep, Oct","Jul-Aug","Aru / Pahalgam","16,000 - 18,000","Indiahikes","16,000","https://indiahikes.com/tarsar-marsar-trek","Trek The Himalayas","17,000","https://trekthehimalayas.com/tarsar-marsar-trek","Trekmunk","18,000","https://www.trekmunk.com/treks/tarsar-marsar-trek","","","","","","","","","","FLAG: Difficulty standardized to Moderate. Duration spans 7 to 9 days based on travel to basecamp; 8-day average applied. Live altitude verified specifically at Marsar Pass (13,201 ft)."
"Valley of Flowers & Hemkund","6 Days","6","37 km","37","Moderate","14,100","Jul, Aug, Sep","Jul-Sep","Govind Ghat / Pipalkoti","11,000 - 12,000","Indiahikes","11,000","https://indiahikes.com/valley-of-flowers-trek","Trek The Himalayas","11,800","https://trekthehimalayas.com/valley-of-flowers-trek","Trekmunk","12,000","https://www.trekmunk.com/treks/valley-of-flowers-trek","Trekup India","11,000","https://www.trekupindia.com/valley-of-flowers-trek","","","","","","","FLAG: Providers heavily align on a 6-day duration and 37km distance. Difficulty scaled from Easy-Moderate up to Moderate to safely account for the steep stair ascent to Hemkund Sahib. Live altitude for Hemkund Sahib verified at 14,100 ft."